{
  "episodic": {
    "x": 92,
    "y": 45,
    "z": 0,
    "size": 50.0,
    "camera": {"x": 144.0, "y": 30.0, "z": 284.6}
  },
  "semanticRight": {
    "x": 20,
    "y": -30,
    "z": 65,
    "size": 50.0,
    "camera": { "x": 100.92543906042464, "y": -0.9434978080745353, "z": -238.15054105700113 }
  },
  "analityc": {
    "x": -80,
    "y": 20,
    "z": 0,
    "size": 50.0,
    "camera": {"x": -231.7315097929428, "y": -17.545964846039936, "z": -221.1965290742952}
  },
  "process": {
    "x": -50,
    "y": 75,
    "z": 0,
    "size": 50.0,
    "camera": { "x": -152.59773939016097, "y": 152.71424382251672, "z": 237.33425301574184 }
  },
  "afective": {
    "x": -100,
    "y": -30,
    "z": 0,
    "size": 50.0,
    "camera": { "x": -236.1407685891055, "y": -15.365212485321477, "z": -221.51856763625176 }
  },
  "semanticLeft": {
    "x": 20,
    "y": -30,
    "z": -65,
    "size":  50.0,
    "camera": -1
  }
}